# Tabela 08 da NDU 009 (Energisa, versão 8.1): tração (kgf) de cabos de fibra óptica autossustentados,
# sem ação do vento, com flecha de 1%. Linhas: faixa de número de fibras; colunas: vão (m).
# Fibras entre as faixas usam a faixa seguinte (ex.: 24 fibras -> 18-36; 144 ou mais -> 144).
Fibras;15;20;25;30;35;40;45;50;55;60;65;70;75;80;85;90;95;100;105;110;115;120
2-12;21;28;35;42;49;56;63;70;77;84;91;98;105;112;119;126;133;140;147;154;161;168
18-36;21;29;36;43;50;57;64;71;78;86;93;100;107;114;121;128;135;143;150;157;164;171
48-72;27;36;45;54;63;73;82;91;100;109;118;127;136;145;154;163;172;181;190;199;208;218
96;35;47;59;71;82;94;106;118;129;141;153;165;176;188;200;212;223;235;247;259;270;282
120;43;57;72;86;100;115;129;143;157;172;186;200;215;229;243;258;272;286;301;315;329;344
144;53;70;88;105;123;141;158;176;193;211;228;246;263;281;299;316;334;351;369;386;404;422
